feature,importance
BPQ020,0.21653648
fast_food_ratio,0.06826091
RIAGENDR,0.065640464
RIDAGEYR,0.060474932
INDFMMPI,0.052040793
fat_calorie_ratio,0.051033903
sodium_density,0.048458923
PAQ620,0.046922576
sugar_ratio,0.04458512
log_sodium,0.04434944
log_calories,0.04393046
DBD900_missing,0.04352262
DBD900,0.043404132
protein_ratio,0.043382235
DBD895,0.04308013
calorie_activity,0.042471588
SLD012,0.04190531
